Card Number,Card Type,Expiration Date,CVV,Status
2264300678745317,Maestro,11/27,125,1
3565850814036637,VISA 16 digit,12/26,703,1
4277102246507881627,Maestro,08/31,953,1
6011914825398833,VISA 19 digit,04/29,728,1
340714200669021,Mastercard,04/33,735,1
4917943693249975924,JCB 16 digit,10/33,178,1
3596369260990141,VISA 16 digit,05/34,178,1
3535909714452539,JCB 15 digit,10/32,800,1
4757973128835506,VISA 16 digit,04/31,255,1
6576160781761419,American Express,08/29,872,1
4056464474445668,Mastercard,03/26,598,1
639031231520,Discover,09/29,608,1
4317529539141604,Discover,04/28,325,1
3596108088275933,Diners Club / Carte Blanche,02/34,307,1
377197578910472,JCB 16 digit,03/31,831,1
213101631704417,American Express,03/34,354,1
30064370951105,JCB 16 digit,12/24,417,1
379889848677505,VISA 13 digit,08/28,037,1
4683033810633617,Discover,12/27,068,1
345716388157641,JCB 16 digit,06/32,7933,1
4813311449420498755,JCB 15 digit,04/27,114,1
4421820940061609730,VISA 16 digit,09/32,034,1
38948167114111,JCB 15 digit,06/29,3655,1
4338651394015959041,VISA 19 digit,07/28,676,1
180005350222528,Maestro,05/26,981,1
6573819174540549,VISA 19 digit,12/27,212,1
36659154984034,JCB 16 digit,08/28,076,1
3514966920687246,Mastercard,11/27,221,1
2255469906431932,American Express,06/27,285,1
3534494101881302,VISA 19 digit,02/34,430,1
060487566352,JCB 15 digit,07/28,768,1
4218924154515,JCB 16 digit,11/28,761,1
30084058335512,Mastercard,02/25,381,1
373071898115001,VISA 16 digit,07/33,557,1
3512286928892819,VISA 16 digit,08/26,113,1
4047175707948257296,American Express,02/29,880,1
180043467413888,JCB 16 digit,04/26,875,1
4611822580095990,Discover,01/29,092,1
3514991919755242,Maestro,03/31,470,1
4709899880179672457,Diners Club / Carte Blanche,05/30,188,1
2251368876510275,Mastercard,08/27,775,1
503817664777,Discover,03/26,8409,1
6582035067685429,JCB 15 digit,06/26,244,1
4413179486177186,Diners Club / Carte Blanche,06/28,1044,1
4276514042680,VISA 19 digit,09/32,787,1
4041004370119302,VISA 19 digit,12/26,021,1
180028229558815,Maestro,06/33,749,1
375103843084863,American Express,03/31,013,1
2299572448809529,American Express,11/24,496,1
4541194792379,JCB 15 digit,04/33,133,1
30135898948383,Maestro,11/28,366,1
30044732823267,VISA 16 digit,07/30,195,1
676128863344,Diners Club / Carte Blanche,12/26,569,1
3575122379729222,JCB 16 digit,11/30,741,1
4081804639692663,American Express,08/29,642,1
4204789337225902,VISA 16 digit,04/31,269,1
377434753589551,American Express,06/32,855,1
4544128834073839542,JCB 15 digit,11/30,862,1
060443812916,VISA 19 digit,01/27,396,1
4765360980112320297,Diners Club / Carte Blanche,09/28,560,1
6583525907883126,VISA 19 digit,08/33,173,1
2670572551145934,VISA 16 digit,03/28,8807,1
4312458322927240,VISA 16 digit,11/33,791,1
4191357063927324442,Maestro,05/26,737,1
30598727296854,Maestro,10/31,373,1
3516960652891108,VISA 19 digit,03/32,945,1
3560540338428478,VISA 19 digit,05/25,235,1
6011652100615410,VISA 19 digit,10/27,901,1
6516643580916766,American Express,09/26,385,1
375016262424396,JCB 16 digit,10/28,695,1
213135152287972,JCB 16 digit,02/30,6458,1
36499926734692,JCB 16 digit,01/33,989,1
3549281217442654,VISA 16 digit,10/24,746,1
6562435703563929,Discover,11/29,686,1
4744100212219559753,Maestro,12/27,711,1
4949676681431220,Maestro,05/34,527,1
501806504541,VISA 16 digit,07/34,136,1
3500404690533180,JCB 15 digit,10/32,451,1
4532795119905986,JCB 15 digit,06/27,567,1
3541234213739142,VISA 19 digit,04/26,869,1
3544774134863551,JCB 16 digit,04/31,453,1
213174130747195,JCB 16 digit,08/32,416,1
3546783614880470,VISA 13 digit,08/24,185,1
676286585846,VISA 16 digit,02/29,609,1
4572182354927945,VISA 16 digit,07/29,640,1
4253554826892210,Mastercard,04/33,739,1
4447913570127842,Discover,11/28,919,1
4020338162260,VISA 13 digit,01/29,257,1
6011756609002903,Diners Club / Carte Blanche,03/34,8309,1
2720773125946670,VISA 16 digit,03/29,455,1
4668482397138079,JCB 16 digit,09/27,954,1
6519789905699129,JCB 16 digit,04/32,664,1
180081319940609,Maestro,07/32,172,1
6582928190408539,Diners Club / Carte Blanche,11/29,927,1
4808570544520776,VISA 13 digit,09/33,291,1
2275303561270002,VISA 19 digit,09/24,851,1
3581514681843786,Mastercard,02/29,314,1
4079393911763,VISA 19 digit,06/33,585,1
4422519989372,JCB 16 digit,11/33,287,1
4125885570302253,Mastercard,07/29,937,1
373131284182914,Discover,07/27,341,1
2296804987216540,Diners Club / Carte Blanche,01/34,629,1
4913015531187088478,American Express,03/30,297,1
3519318287232981,VISA 16 digit,04/32,126,1
343593376485892,VISA 16 digit,05/29,326,1
3580949797954716,Discover,03/27,601,1
3580937143244213,Mastercard,07/33,115,1
5580839664057534,American Express,04/29,490,1
30444949519007,American Express,03/27,7504,1
4767081145511528,VISA 16 digit,01/26,907,1
4131536561376267,VISA 19 digit,09/26,498,1
676256992667,JCB 15 digit,05/30,012,1
213190505266033,Discover,04/28,113,1
4282347027883558,VISA 19 digit,05/25,304,1
676208859840,VISA 13 digit,11/28,9878,1
377529852592834,VISA 16 digit,07/34,696,1
3508783214398044,JCB 15 digit,12/32,154,1
4611142562556574,Mastercard,09/33,774,1
2707197375156011,Diners Club / Carte Blanche,02/33,023,1
4661720149140,VISA 16 digit,08/31,837,1
503880104909,Mastercard,02/28,179,1
2357629743406242,Maestro,09/26,158,1
6583263147376442,American Express,04/34,787,1
374610721183782,VISA 16 digit,12/31,997,1
676334782551,JCB 16 digit,07/29,358,1
3591943076929983,JCB 16 digit,06/28,338,1
4871595376237,American Express,06/28,728,1
3568168071485638,JCB 16 digit,04/34,547,1
6011590500436310,VISA 13 digit,11/33,820,1
30365497780370,VISA 16 digit,02/33,417,1
6589098808652713,VISA 13 digit,02/30,318,1
4712620381933251241,Maestro,08/25,885,1
4875151015238,Diners Club / Carte Blanche,09/31,652,1
30175480455884,Maestro,11/25,318,1
4864775468074319,JCB 16 digit,12/28,821,1
4340758094667122,VISA 19 digit,04/30,735,1
4701032383537310,JCB 16 digit,08/25,526,1
6011215338395195,JCB 16 digit,06/29,922,1
3550053110542799,Maestro,09/26,201,1
501852091526,American Express,10/27,405,1
30179930993122,American Express,12/32,359,1
30496245233436,Mastercard,07/26,1441,1
4433240431467753,VISA 16 digit,06/31,854,1
4395733589942516,Diners Club / Carte Blanche,02/31,394,1
4428926128355247,VISA 19 digit,02/29,665,1
4750886579895042,Maestro,02/34,815,1
586828523439,Mastercard,03/33,897,1
4836297100997174,Mastercard,11/32,632,1
2418435055758379,Discover,06/25,578,1
38157268457821,Maestro,03/28,764,1
213169257500005,VISA 16 digit,08/31,666,1
4597720286004761,American Express,08/26,893,1
213102618569781,JCB 15 digit,02/27,726,1
3538439535203744,VISA 19 digit,12/24,3239,1
180068389265652,JCB 16 digit,02/28,645,1
3504291130531049,Maestro,09/33,289,1
4473720123649173,Discover,03/30,174,1
3532246631044906,JCB 16 digit,09/24,072,1
2267678488406106,Diners Club / Carte Blanche,01/29,0679,1
4470109736315,JCB 15 digit,02/33,548,1
6536585238008809,VISA 13 digit,11/32,173,1
4456611054176214,Maestro,06/32,859,1
4731070180473028,Mastercard,01/30,087,1
30401527221471,VISA 19 digit,09/27,495,1
501834987387,VISA 19 digit,04/34,458,1
4804325251875218,Maestro,01/25,341,1
30191217269738,JCB 16 digit,01/25,619,1
4855067252643397,JCB 16 digit,06/30,507,1
6011863418773086,VISA 16 digit,03/32,738,1
3559410844791236,JCB 16 digit,01/33,656,1
4171604932499068,VISA 16 digit,06/31,221,1
566579519158,VISA 16 digit,06/25,452,1
4070581808008196570,Maestro,04/28,700,1
6011850292896554,Mastercard,12/25,813,1
6011074510640070,Mastercard,08/24,631,1
2705872966175792,VISA 16 digit,05/31,771,1
4216613633691599,JCB 15 digit,06/27,5306,1
6011225582192313,Diners Club / Carte Blanche,08/28,0146,1
4756268761144540447,JCB 16 digit,10/24,1542,1
6011185273382245,Mastercard,12/31,865,1
340330783046444,VISA 19 digit,01/30,123,1
4454529376761,VISA 13 digit,04/32,282,1
340379922462012,JCB 15 digit,07/25,743,1
3531712625960531,VISA 16 digit,07/25,603,1
4079836432435,Mastercard,08/24,106,1
4911052448575853,VISA 19 digit,11/27,023,1
6011234125357607,VISA 16 digit,04/32,546,1
501824302464,JCB 15 digit,08/32,252,1
4680045253586089,Discover,12/25,450,1
5407479516865734,American Express,04/31,327,1
3566067472961878,JCB 15 digit,10/32,401,1
4444141102356,JCB 16 digit,09/29,356,1
30084173209832,VISA 19 digit,12/25,183,1
4439602362044,Diners Club / Carte Blanche,10/24,365,1
4300000174021096,Discover,07/33,1987,1
4213240181276,JCB 16 digit,01/28,663,1
4804950731062812,VISA 16 digit,03/34,249,1
4706883400250302,VISA 13 digit,01/33,386,1
4084731712568,VISA 19 digit,07/31,104,1
378096672073055,VISA 16 digit,01/26,662,1
4207598584249043900,JCB 16 digit,05/34,540,1
4533735367098323,Discover,10/31,863,1
344916107690697,Diners Club / Carte Blanche,09/33,549,1
4891659345628889637,American Express,11/24,842,1
4011714368181462,Mastercard,03/27,067,1
4423907136299502605,VISA 16 digit,11/25,684,1
4897223881870754057,Mastercard,06/30,548,1
4979030737700928,JCB 16 digit,08/27,365,1
4523454772970067155,VISA 19 digit,07/25,027,1
6011516537068610,JCB 15 digit,09/33,736,1
4350900046715537,JCB 16 digit,09/26,786,1
2249042956629868,VISA 16 digit,01/28,939,1
38419371548874,JCB 16 digit,10/27,6059,1
377456153819015,Maestro,06/33,187,1
2256187742229893,JCB 16 digit,08/31,189,1
180040379959354,VISA 19 digit,05/27,292,1
373032237700044,Mastercard,11/27,270,1
2288350545587402,VISA 16 digit,01/32,015,1
4258253573513,VISA 16 digit,08/30,759,1
3536194117990901,JCB 15 digit,02/31,115,1
30533062525054,Diners Club / Carte Blanche,07/25,033,1
30012460076192,VISA 16 digit,06/27,190,1
340503981241252,Maestro,07/33,937,1
347766069053708,JCB 16 digit,03/33,676,1
2332873730252207,Diners Club / Carte Blanche,03/26,101,1
2294121888119943,Maestro,04/29,713,1
370903110241913,Mastercard,10/31,213,1
36127409830139,JCB 16 digit,02/33,143,1
4776791873881625,VISA 16 digit,01/32,695,1
342300260278495,JCB 16 digit,05/28,614,1
4394584980232,JCB 16 digit,02/33,014,1
378277295544371,VISA 13 digit,05/25,492,1
4245872752951920,Mastercard,07/28,934,1
4341964672970,JCB 16 digit,07/25,441,1
3588183936394145,JCB 16 digit,05/28,463,1
30231763287153,JCB 16 digit,06/29,246,1
4397192916368446960,JCB 16 digit,12/30,650,1
639078792012,VISA 13 digit,02/30,679,1
4673175064033249470,American Express,05/32,893,1
502008261179,VISA 16 digit,12/31,615,1
3597430400214187,VISA 19 digit,09/27,619,1
180001377838214,VISA 13 digit,04/30,489,1
348085968062358,JCB 16 digit,06/33,433,1
4369071791316704,VISA 19 digit,12/26,033,1
4439990658224774,VISA 19 digit,03/26,817,1
582275137336,American Express,07/34,3911,1
30347204147499,VISA 19 digit,12/27,017,1
675961495305,JCB 15 digit,05/34,231,1
3545105580850470,VISA 13 digit,01/27,732,1
4301107702530,Mastercard,08/29,543,1
6579819023235261,Discover,11/31,717,1
562022478720,Diners Club / Carte Blanche,04/33,596,1
6011179054993296,VISA 13 digit,11/31,7677,1
639019624571,JCB 15 digit,01/31,317,1
180053696810689,VISA 19 digit,02/26,841,1
347398843450271,VISA 19 digit,08/24,079,1
372302791053168,Maestro,09/27,929,1
371020781694988,Diners Club / Carte Blanche,07/26,317,1
3542413883955324,JCB 16 digit,07/26,193,1
4416816757953,VISA 13 digit,11/33,139,1
6508446406538289,JCB 16 digit,04/34,0208,1
630440486458,Diners Club / Carte Blanche,12/25,232,1
2222511083376776,Discover,02/26,723,1
583817344224,Diners Club / Carte Blanche,12/29,375,1
371075998085024,VISA 16 digit,08/32,931,1
375835562519260,JCB 15 digit,05/26,760,1
4459358333232718012,Diners Club / Carte Blanche,06/32,846,1
3535154360087046,American Express,04/26,153,1
2242100106086699,Diners Club / Carte Blanche,04/28,537,1
6011905937086100,Mastercard,05/26,736,1
4697146824072888800,JCB 15 digit,09/33,804,1
213192503939025,VISA 19 digit,11/27,5335,1
4540399129685124,Diners Club / Carte Blanche,09/25,558,1
4073886193286,VISA 16 digit,04/33,610,1
4952138878069903,American Express,06/33,582,1
4751166335140481,JCB 16 digit,11/24,0475,1
3521460203858899,Discover,10/26,421,1
4245586562735311,VISA 16 digit,05/30,823,1
4374685217533916,VISA 19 digit,12/29,484,1
6011790789302635,American Express,11/27,2836,1
4410316655717136,Mastercard,09/30,4297,1
3508219768900091,JCB 16 digit,05/32,764,1
3558095793890203,Diners Club / Carte Blanche,08/31,142,1
6011555287339615,JCB 16 digit,11/30,050,1
4212447626288574,VISA 19 digit,08/33,083,1
6556551367412738,VISA 16 digit,08/33,284,1
572417278049,JCB 16 digit,12/31,303,1
373236966944471,JCB 16 digit,11/27,4821,1
2283953465901407,Mastercard,07/25,838,1
4151881282527724152,Maestro,05/29,589,1
6534717913350154,JCB 16 digit,04/26,621,1
568237127705,Maestro,03/28,154,1
676163951236,JCB 15 digit,01/33,098,1
4595930532812121,VISA 16 digit,08/33,7410,1
567570923266,Diners Club / Carte Blanche,03/33,187,1
4574882933652566972,Diners Club / Carte Blanche,06/33,6555,1
4987815166909,VISA 19 digit,08/34,2952,1
180094558637943,VISA 13 digit,04/31,251,1
3527024028101010,VISA 19 digit,03/25,848,1
6582431455993048,JCB 16 digit,05/29,8493,1
588202532143,Mastercard,09/29,076,1
4788025853555365906,Diners Club / Carte Blanche,07/27,750,1
4432190074810216156,JCB 16 digit,12/24,559,1
4903935984142825,VISA 16 digit,08/34,102,1
30509741055671,Mastercard,05/30,703,1
5232178574240431,JCB 16 digit,01/32,234,1
30316079951301,JCB 16 digit,04/29,3650,1
3574393126560332,VISA 16 digit,04/32,902,1
372580728862039,American Express,12/28,581,1
3577565436605264,Discover,08/29,794,1
30587288965775,VISA 19 digit,01/27,159,1
4797427023267010,American Express,04/26,7104,1
3596844031380053,VISA 16 digit,12/29,182,1
5248746136791158,JCB 15 digit,11/31,957,1
180074051549068,VISA 16 digit,11/24,552,1
3526166935668283,JCB 16 digit,03/28,798,1
4353532523119664,Mastercard,01/28,279,1
3512431996933729,JCB 16 digit,04/34,565,1
4858501858832159,Maestro,06/29,722,1
4315707682307998,VISA 19 digit,12/31,788,1
2296326447652841,Mastercard,09/27,317,1
572897346837,JCB 16 digit,04/31,184,1
3544534739614019,VISA 16 digit,02/29,5418,1
4214555782225398093,Discover,04/33,055,1
4794855891411301122,Diners Club / Carte Blanche,02/32,619,1
4710329538193,American Express,06/26,8633,1
4646392691459559,VISA 19 digit,08/33,606,1
3514995294444512,Maestro,04/33,092,1
4908146345970,VISA 16 digit,05/30,373,1
4837788726168835,Maestro,02/26,200,1
4224739253477751,Discover,12/24,331,1
501840497652,Mastercard,12/25,293,1
4274362733485358647,VISA 13 digit,03/29,654,1
4658594426160124988,VISA 16 digit,08/32,0499,1
3513212838942477,VISA 16 digit,12/25,785,1
4757516806990,American Express,06/29,616,1
4014798888580904,JCB 15 digit,07/34,5068,1
2255471423716100,Mastercard,01/32,319,1
180005076235051,Discover,02/26,177,1
4430532052557,JCB 15 digit,10/32,521,1
36564777668867,American Express,10/28,779,1
4406718969809010,JCB 16 digit,09/28,508,1
3589101895237195,VISA 16 digit,02/25,493,1
4853835754894,Mastercard,07/33,767,1
4548019649403,VISA 19 digit,04/29,891,1
4232719842085,VISA 16 digit,08/30,431,1
676321348069,VISA 16 digit,06/32,377,1
4073681250651347,Maestro,11/27,298,1
675940574535,American Express,09/24,111,1
3590808754639017,Mastercard,12/29,806,1
3591453318948981,JCB 15 digit,09/26,971,1
6011985578564722,VISA 16 digit,11/31,590,1
6011895865188988,JCB 16 digit,08/25,539,1
213108757240829,JCB 15 digit,07/27,2662,1
213101128792214,VISA 16 digit,04/26,357,1
4184050696969406,Diners Club / Carte Blanche,06/32,790,1
4579300273819,JCB 16 digit,05/30,573,1
2357631949549551,Diners Club / Carte Blanche,03/27,029,1
2286080559246189,Mastercard,12/29,836,1
4256483222617608,VISA 13 digit,03/33,284,1
6576457207100572,VISA 16 digit,11/32,585,1
3585093348082340,American Express,05/31,914,1
630470807227,VISA 19 digit,02/34,023,1
3546698867500825,Discover,09/27,535,1
4691238816963,VISA 16 digit,08/33,888,1
180020352847222,JCB 16 digit,08/29,005,1
4760613540512930917,JCB 16 digit,11/28,086,1
4776466246769463206,Mastercard,03/28,666,1
4483940247124857,JCB 16 digit,12/27,168,1
2416177314602954,Diners Club / Carte Blanche,04/29,060,1
346426275784155,Diners Club / Carte Blanche,08/25,0657,1
4151807795550464736,JCB 15 digit,08/33,465,1
4016143893173205,VISA 19 digit,03/32,919,1
180002728594654,VISA 16 digit,08/33,591,1
4570458933811517,JCB 16 digit,02/30,345,1
4630382262922778984,VISA 16 digit,07/30,378,1
501827756278,VISA 16 digit,07/29,2753,1
38313242789561,Mastercard,05/31,922,1
582385598849,VISA 16 digit,03/26,590,1
4561177404321,JCB 16 digit,02/34,358,1
4841861129437406,VISA 13 digit,04/30,644,1
2237600742000522,JCB 15 digit,04/34,132,1
4710706450599969,JCB 16 digit,11/33,412,1
3568543313721141,Discover,12/28,647,1
4501175699880094637,JCB 16 digit,01/31,809,1
213125075327336,JCB 16 digit,06/30,596,1
4140166725219730621,VISA 16 digit,09/25,481,1
676355445153,Diners Club / Carte Blanche,08/29,5758,1
4198431448651,VISA 16 digit,07/33,110,1
3558020702663699,JCB 16 digit,01/27,448,1
341594194190500,Discover,02/31,617,1
4341089555444424,Maestro,06/34,039,1
5461407256215920,JCB 16 digit,01/33,176,1
676193362230,JCB 16 digit,12/31,652,1
676365711404,JCB 16 digit,07/32,456,1
2231743978784249,Diners Club / Carte Blanche,08/27,659,1
3558377412261895,JCB 16 digit,12/30,615,1
4919466323807094,Discover,06/25,449,1
4219279988580,VISA 16 digit,08/31,024,1
213140380390721,Maestro,04/27,2989,1
3566433155202644,Mastercard,12/28,230,1
3564318393593551,Mastercard,01/34,535,1
3558411201524963,Maestro,06/27,620,1
213134180539892,Mastercard,11/24,322,1
4994205782367481,JCB 16 digit,09/33,768,1
5231502376735937,JCB 16 digit,05/34,113,1
676149222553,Maestro,12/31,582,1
4307801789976132328,Diners Club / Carte Blanche,06/26,724,1
3569063737319231,VISA 16 digit,12/29,941,1
30373985070593,VISA 13 digit,11/27,956,1
4438155171547,Mastercard,11/33,165,1
180037601168168,Diners Club / Carte Blanche,12/25,175,1
3585301178978101,Mastercard,08/34,096,1
4650577228151351598,American Express,02/30,963,1
6011672240468348,VISA 16 digit,12/31,0510,1
3592518443415137,JCB 16 digit,05/32,801,1
4854708340939468022,Maestro,02/31,841,1
4777439207654,Discover,05/27,723,1
2685322082863628,JCB 16 digit,01/25,491,1
213111784576249,VISA 19 digit,02/34,012,1
180034794185109,VISA 19 digit,01/27,903,1
4150341004038378435,VISA 19 digit,08/31,8730,1
6011537065746195,Discover,10/33,187,1
5169199256176120,Diners Club / Carte Blanche,11/29,682,1
6508308825167555,Maestro,07/29,2508,1
2276207538234232,Mastercard,12/30,684,1
6577250494580427,Discover,01/27,721,1
38244120902911,VISA 13 digit,04/33,344,1
213121576603861,Mastercard,04/27,5327,1
4374397567289731,JCB 16 digit,06/32,610,1
2292929956732567,Mastercard,09/28,363,1
503882841383,Mastercard,06/27,845,1
4450205297138939507,Diners Club / Carte Blanche,01/33,2509,1
180048535244637,VISA 16 digit,04/28,725,1
3528234980059481,Mastercard,08/28,839,1
2277806329446142,Maestro,10/32,523,1
3566639017640694,Diners Club / Carte Blanche,12/29,4192,1
2720736770247215,VISA 16 digit,03/29,533,1
2451631094899095,Discover,01/32,953,1
2245836746396629,Discover,06/30,6629,1
503810589120,VISA 19 digit,07/32,683,1
4365597541765737,Discover,08/27,550,1
2319742487790627,JCB 16 digit,10/28,0221,1
574555408388,Maestro,06/26,085,1
4235909871087,Maestro,05/29,1140,1
4821388837279064,VISA 16 digit,06/34,753,1
341035461576781,Mastercard,04/28,951,1
5255844443241247,VISA 13 digit,04/25,8652,1
4311738995775,Mastercard,09/25,963,1
3559222589858231,JCB 15 digit,02/27,536,1
4404593739776118,VISA 13 digit,07/31,526,1
38588752345520,Diners Club / Carte Blanche,06/28,347,1
502000554068,Maestro,08/25,553,1
180076830341857,Diners Club / Carte Blanche,01/29,185,1
502042638523,JCB 15 digit,04/31,858,1
6524076294473180,VISA 16 digit,07/26,932,1
377318702602815,Discover,09/25,341,1
676332833539,JCB 15 digit,09/30,001,1
4464343938792384,JCB 15 digit,03/25,631,1
4993468353660574,JCB 16 digit,09/24,259,1
3581798035385442,JCB 15 digit,11/33,826,1
3555538947424976,JCB 16 digit,09/27,004,1
3577968375361651,VISA 13 digit,03/33,059,1
3517857055869575,Diners Club / Carte Blanche,10/31,024,1
3554441902104603,VISA 19 digit,09/29,066,1
4562293711235,JCB 15 digit,12/24,054,1
30594213228691,VISA 16 digit,02/33,927,1
675911934924,VISA 16 digit,02/27,800,1
4029244487499306,VISA 19 digit,11/26,231,1
4718894223489,Mastercard,01/31,520,1
4273864994255,VISA 13 digit,09/28,2726,1
38007178278124,JCB 16 digit,07/27,9345,1
379482178384643,VISA 16 digit,02/32,872,1
2295268991793731,VISA 16 digit,02/27,622,1
6506004998804106,JCB 16 digit,05/26,859,1
4189481719085000,VISA 16 digit,11/27,593,1
180026889397250,Diners Club / Carte Blanche,10/31,846,1
180092129157102,JCB 16 digit,04/26,021,1
30540788411089,VISA 13 digit,08/28,177,1
180052023841086,Maestro,12/24,195,1
2548537878082466,VISA 16 digit,08/28,333,1
3549424712329253,Mastercard,08/24,801,1
5135326647051586,VISA 16 digit,08/30,034,1
180057556161877,Mastercard,10/24,148,1
38412869357726,VISA 16 digit,10/31,016,1
4098241441569170,Discover,04/33,122,1
4647493645075,JCB 15 digit,11/31,402,1
36163064685773,JCB 16 digit,11/24,079,1
6549218010167800,VISA 16 digit,06/33,241,1
4966095169593,American Express,08/26,9724,1
4825932274133,Mastercard,11/25,358,1
30093795091007,JCB 16 digit,12/27,897,1
4873293849376235059,American Express,02/31,590,1
6518928013316611,Maestro,07/32,932,1
6011956563720173,American Express,10/25,361,1
4642206330302181811,JCB 16 digit,06/25,384,1
3584405629930123,Diners Club / Carte Blanche,10/24,541,1
36811003958467,Diners Club / Carte Blanche,11/27,096,1
4069723922608374,VISA 16 digit,04/33,429,1
4621850818872,VISA 19 digit,11/26,677,1
4630076180037704219,VISA 16 digit,04/27,174,1
3557097029523419,VISA 16 digit,09/33,908,1
4872847799325,JCB 16 digit,09/32,685,1
3585026943241564,JCB 15 digit,06/32,757,1
30305384936057,VISA 13 digit,07/32,134,1
4985631777172548,Diners Club / Carte Blanche,06/34,015,1
3562988690357157,American Express,09/29,383,1
4929384696004304793,American Express,01/25,533,1
30189243406035,JCB 16 digit,07/31,970,1
3592671761497532,Maestro,05/32,060,1
4798627986190690,JCB 16 digit,11/24,539,1
2720795516293123,VISA 19 digit,12/30,716,1
3567532376636602,VISA 19 digit,10/30,810,1
4613954153109078,Diners Club / Carte Blanche,12/29,839,1
3544351579825823,VISA 13 digit,03/32,832,1
348012931390120,Maestro,09/27,587,1
3556225791180966,Diners Club / Carte Blanche,05/33,730,1
3541796304452512,Diners Club / Carte Blanche,03/34,231,1
4806192982684469,JCB 15 digit,10/27,4361,1
180019818017768,VISA 16 digit,09/28,627,1
4847229056594553,Discover,03/25,3062,1
4895739324933368,Mastercard,12/27,2352,1
3568057064391798,VISA 19 digit,05/31,5870,1
3522420314867899,VISA 19 digit,04/29,300,1
373999769594732,Diners Club / Carte Blanche,09/30,339,1
36433349347881,VISA 13 digit,12/30,220,1
4701019084028679381,Diners Club / Carte Blanche,06/34,998,1
3535576991906030,Mastercard,05/25,067,1
3507738103743958,Diners Club / Carte Blanche,12/32,178,1
3518612012045028,JCB 16 digit,05/32,378,1
4689702518479,Diners Club / Carte Blanche,03/34,233,1
3576712711144871,Mastercard,06/28,754,1
6011539056083166,Diners Club / Carte Blanche,11/32,585,1
30520616369204,JCB 16 digit,11/30,049,1
4516484521718523,VISA 16 digit,08/30,247,1
4323044368152492,VISA 13 digit,12/28,821,1
3568352103067446,VISA 16 digit,08/27,453,1
4162675121300094,JCB 16 digit,08/26,462,1
4853653603691524,Discover,05/29,063,1
3502198590402250,JCB 16 digit,05/27,3766,1
30401002620361,JCB 16 digit,12/29,143,1
4612642054058995167,JCB 16 digit,06/30,441,1
2295996796555877,VISA 16 digit,09/33,534,1
6011951435113616,VISA 16 digit,10/26,672,1
30420294642511,VISA 13 digit,01/27,911,1
4475214402760,VISA 16 digit,09/24,886,1
376119085935223,Diners Club / Carte Blanche,03/25,557,1
3556027015346252,Mastercard,11/29,866,1
4021750824298035,Diners Club / Carte Blanche,03/27,277,1
2257593289566226,Discover,03/29,881,1
3573152751399429,VISA 19 digit,08/29,147,1
4609938735649350,Maestro,09/33,381,1
501877384583,JCB 15 digit,04/28,202,1
4258670327635224,JCB 16 digit,09/27,532,1
4314257734597072,American Express,04/26,752,1
576739726924,Mastercard,09/28,674,1
4409330944959,American Express,03/27,8863,1
5287637034479750,JCB 16 digit,05/25,439,1
2716650787401945,Diners Club / Carte Blanche,07/30,1556,1
4189963138612,VISA 19 digit,03/29,496,1
3545008872848469,American Express,01/27,686,1
2700162852203980,Mastercard,11/31,072,1
676212368341,Maestro,10/25,705,1
6011171766782067,American Express,02/29,747,1
4620743570580115,VISA 19 digit,11/30,737,1
180071337891967,American Express,10/32,165,1
676242225347,JCB 16 digit,08/34,478,1
180018331015010,VISA 19 digit,03/34,4398,1
375700761249483,VISA 19 digit,01/31,401,1
4664372178000875,Discover,06/34,5444,1
4321861122169344,Mastercard,04/30,844,1
347769824702585,VISA 16 digit,03/29,414,1
4967130854703467,JCB 16 digit,12/30,6208,1
4740667491036,American Express,01/34,328,1
4170032037558227,Discover,08/33,5324,1
4719967238431466430,VISA 19 digit,04/32,243,1
2572454947942473,JCB 16 digit,09/33,877,1
379421935575218,JCB 15 digit,03/26,289,1
213181206715816,VISA 13 digit,07/33,759,1
372874261113383,VISA 13 digit,08/24,557,1
346163005827315,Mastercard,12/31,192,1
4365157366170877954,JCB 16 digit,12/27,440,1
30459216800922,VISA 19 digit,01/28,305,1
6011722404578141,JCB 15 digit,05/34,990,1
30277385483530,VISA 19 digit,05/32,4317,1
5131165865763777,Diners Club / Carte Blanche,12/28,740,1
4886607586650502,JCB 15 digit,08/27,8163,1
36993069646150,JCB 16 digit,06/25,972,1
4484360220347863,Mastercard,11/28,061,1
4889150158903774,Diners Club / Carte Blanche,12/25,579,1
3557231598129080,VISA 13 digit,08/32,144,1
502093305675,JCB 15 digit,11/24,3958,1
4431721038266153,VISA 13 digit,11/28,326,1
30192735018896,JCB 15 digit,12/32,193,1
180024828861346,Diners Club / Carte Blanche,09/32,954,1
345585006235760,Discover,06/28,747,1
2232904621959526,Mastercard,07/31,613,1
374282394748976,Maestro,01/25,1674,1
4515841220396581,Discover,05/34,715,1
2720554284438075,Maestro,09/29,1138,1
4816316919693560,VISA 19 digit,12/24,661,1
4082448066629762555,JCB 15 digit,04/27,774,1
2400596672146932,Discover,06/27,682,1
30293337859123,JCB 16 digit,02/31,084,1
4617729604889884660,Diners Club / Carte Blanche,09/24,244,1
38983727850169,JCB 15 digit,07/27,242,1
3588790021611595,VISA 13 digit,12/29,609,1
3560452877834779,VISA 16 digit,08/32,6652,1
5296335656532241,Mastercard,08/31,3165,1
6011151719924883,Diners Club / Carte Blanche,02/34,252,1
38571491956484,Diners Club / Carte Blanche,06/25,918,1
4624844706593653,Discover,02/32,209,1
4996284399636,VISA 19 digit,06/32,872,1
676230395599,JCB 16 digit,12/25,246,1
36769308974003,VISA 13 digit,03/33,934,1
3545436414873515,JCB 15 digit,04/31,398,1
36143322745346,VISA 16 digit,08/33,617,1
6011590690130335,Diners Club / Carte Blanche,03/31,491,1
3564064386974891,Maestro,08/25,782,1
4042259364977381785,American Express,12/25,917,1
3567798170825366,Mastercard,10/24,945,1
4352554833518,VISA 16 digit,01/34,545,1
213193129832479,Mastercard,01/25,0588,1
4860225970834068930,JCB 16 digit,12/32,147,1
2277701775618825,VISA 16 digit,07/34,264,1
4446992740581613884,American Express,02/27,682,1
4070202439740,Discover,03/31,367,1
6011809618903080,VISA 19 digit,06/30,960,1
4556188563685,JCB 16 digit,06/29,615,1
6011637255336037,JCB 16 digit,06/33,109,1
5227354349461340,American Express,02/30,912,1
3576239333887000,VISA 16 digit,04/26,256,1
3592191121527407,Mastercard,08/30,662,1
502094900284,American Express,03/27,526,1
4778701035239614782,VISA 13 digit,02/33,670,1
3552664290311157,Mastercard,11/32,222,1
3537806068240049,JCB 15 digit,06/25,166,1
3595401344541722,JCB 16 digit,11/24,755,1
213198850828729,Maestro,01/34,527,1
4030708647272400504,VISA 19 digit,01/29,085,1
502045859597,VISA 16 digit,01/30,876,1
6574580493316222,Diners Club / Carte Blanche,09/29,428,1
375706560927104,Discover,06/32,325,1
4802977289869589,JCB 16 digit,03/29,249,1
2246865504076619,VISA 16 digit,01/31,217,1
30349361385417,JCB 15 digit,02/32,715,1
4411769695994025,VISA 13 digit,06/27,248,1
3524865636584044,Mastercard,04/32,430,1
3506061343117219,JCB 16 digit,04/30,116,1
4612669354021473,VISA 13 digit,08/29,968,1
676317822176,JCB 16 digit,10/32,115,1
2709777061922715,VISA 13 digit,02/30,653,1
36493352946714,American Express,03/29,446,1
213129495628539,VISA 16 digit,04/25,2257,1
2712237595681464,Mastercard,06/34,9048,1
675952560000,VISA 16 digit,11/27,288,1
6580214453307920,VISA 16 digit,09/31,589,1
4005586683530336684,Mastercard,09/25,546,1
30224528654262,Diners Club / Carte Blanche,07/28,628,1
3545042214906594,Discover,08/29,577,1
6011908863316822,VISA 13 digit,01/31,250,1
6011662461942170,Discover,10/33,693,1
6011339972020123,JCB 15 digit,01/27,257,1
346639810760338,JCB 15 digit,01/33,679,1
676240069234,Maestro,07/29,896,1
348850132891580,Discover,08/26,581,1
180003295533950,American Express,09/29,373,1
6011090512060125,JCB 16 digit,06/34,838,1
3567321882787582,Maestro,01/31,507,1
675961744819,VISA 16 digit,07/34,479,1
060440338808,JCB 16 digit,09/28,258,1
4370877856800938,Discover,02/29,447,1
4156803941851,VISA 13 digit,12/28,081,1
30189031743573,JCB 16 digit,11/25,340,1
4560791828404655,JCB 15 digit,09/28,160,1
180083030706897,Diners Club / Carte Blanche,11/27,506,1
578065554367,JCB 15 digit,12/32,2430,1
3506437862190946,VISA 16 digit,01/27,577,1
4538856068580217856,American Express,10/32,639,1
6556314129728143,Mastercard,08/30,557,1
4970895684135723681,JCB 16 digit,10/31,815,1
5509727826476981,VISA 19 digit,06/26,909,1
4592900175846176,American Express,02/33,878,1
2309945919115873,Mastercard,11/26,109,1
348657915551285,American Express,12/30,753,1
6011087542107439,VISA 16 digit,10/29,498,1
3566172756316441,Mastercard,12/30,961,1
4152572789936,VISA 19 digit,11/31,308,1
213193326101769,VISA 16 digit,04/29,750,1
30199897419408,VISA 19 digit,05/25,224,1
345931882337033,VISA 19 digit,06/30,028,1
4250646394922388,VISA 16 digit,06/27,372,1
676103873326,Discover,09/32,5092,1
374246321837699,VISA 16 digit,01/27,062,1
4202999506573899,VISA 16 digit,01/28,652,1
4106182472606,JCB 16 digit,09/29,247,1
213111357715448,VISA 13 digit,10/28,911,1
4170719749377371,JCB 16 digit,05/31,703,1
4801980520073,JCB 16 digit,11/31,641,1
5114419577818663,JCB 15 digit,10/32,704,1
377907798971371,VISA 13 digit,03/30,244,1
6534844068218885,Maestro,07/28,101,1
372406231374918,Mastercard,06/31,164,1
4955848215507699,VISA 19 digit,08/29,860,1
30448521423009,VISA 19 digit,03/29,037,1
180056181844071,JCB 15 digit,04/28,776,1
6011954879823096,JCB 15 digit,07/26,535,1
5226333610412399,Discover,02/33,284,1
3517285488014793,VISA 16 digit,03/30,432,1
2720569710529800,JCB 16 digit,12/33,276,1
30462027331152,VISA 16 digit,11/26,323,1
374571478043118,American Express,09/32,043,1
38340393630658,Maestro,05/29,981,1
4024601368141,Maestro,11/29,130,1
3539574317357737,VISA 16 digit,03/29,272,1
4911460376314858466,Maestro,08/24,310,1
4679150445317966226,VISA 16 digit,04/32,007,1
4575545044167527,VISA 16 digit,07/27,968,1
502042510060,JCB 16 digit,03/30,588,1
38612996450860,Diners Club / Carte Blanche,02/32,7214,1
4886274478663364680,VISA 13 digit,07/28,654,1
2436809818882924,VISA 19 digit,06/29,915,1
4151082034758083,JCB 16 digit,08/33,769,1
3590366202099318,VISA 16 digit,10/25,585,1
4487589046221,JCB 16 digit,09/25,884,1
6511996440043915,Discover,09/33,649,1
4729318730767694,Discover,01/34,054,1
2683440161300197,Discover,07/33,033,1
180027351745547,VISA 19 digit,05/34,205,1
4360318621509,Maestro,03/25,696,1
676306558435,JCB 15 digit,12/26,859,1
374533981226853,JCB 16 digit,11/26,954,1
340127437396773,JCB 16 digit,10/29,262,1
503814221456,Mastercard,02/32,856,1
4206512302927,Diners Club / Carte Blanche,11/28,862,1
6011831994732602,JCB 16 digit,08/30,385,1
3553684038395402,JCB 15 digit,11/24,085,1
2262268437668710,VISA 16 digit,11/33,473,1
6592029206559478,VISA 16 digit,07/28,6244,1
4560424789464761,Maestro,09/25,357,1
3532472725603346,JCB 15 digit,08/24,051,1
4640678622905447,JCB 15 digit,07/33,800,1
4968140395871533401,Maestro,12/33,908,1
213187292304159,American Express,10/25,499,1
3532225307423487,VISA 16 digit,04/34,769,1
4339431671007254845,Discover,07/34,351,1
4480110030426002899,American Express,06/25,234,1
3551551020930599,JCB 16 digit,04/33,423,1
6533363989943985,VISA 13 digit,06/28,355,1
4247702946962731,Maestro,07/28,574,1
5504982486297293,Diners Club / Carte Blanche,06/26,447,1
180034706816973,Mastercard,09/29,382,1
3592040805863226,JCB 16 digit,03/28,261,1
4540806153041321,Maestro,12/30,279,1
4728353298435,Diners Club / Carte Blanche,12/24,954,1
30172352960810,American Express,12/26,964,1
342997041756655,Mastercard,08/30,690,1
4339691955920576276,JCB 16 digit,06/26,613,1
3582633372440584,Diners Club / Carte Blanche,06/33,676,1
180052081954292,VISA 13 digit,11/27,552,1
4872342325675637686,VISA 16 digit,05/29,770,1
4325394238197203406,VISA 16 digit,02/25,641,1
4388062743404489,Maestro,05/34,074,1
180032969394076,JCB 16 digit,12/28,595,1
060414518765,VISA 19 digit,01/33,359,1
2547236106377068,VISA 13 digit,03/32,197,1
213185937872937,American Express,10/26,169,1
4663001207605781,JCB 16 digit,07/25,359,1
2280029087533119,VISA 19 digit,04/34,367,1
5549305159103043,Diners Club / Carte Blanche,07/28,495,1
4277181562402327,VISA 16 digit,08/25,481,1
503850715221,VISA 19 digit,02/31,342,1
6011291419347926,JCB 16 digit,11/33,252,1
4790980160124375,American Express,03/33,0627,1
3573645510807129,American Express,03/34,585,1
4128809001444,JCB 16 digit,02/32,451,1
3591518461580946,Maestro,07/30,198,1
503837942351,Maestro,05/33,583,1
4686444444518702085,American Express,11/27,971,1
589239311030,American Express,06/27,188,1
4441869886289294,VISA 19 digit,10/29,804,1
180081559757440,JCB 16 digit,09/25,178,1
349652921009849,Mastercard,12/29,080,1
4865374655113731591,JCB 15 digit,03/27,333,1
213180700826517,JCB 16 digit,10/29,081,1
4565829728894080160,American Express,01/32,662,1
6011223266284555,Mastercard,08/30,297,1
4614986192050092128,VISA 13 digit,09/28,9895,1
6551824454908123,American Express,12/31,583,1
4605438685536735,Diners Club / Carte Blanche,09/32,292,1
2596281696454349,American Express,10/24,173,1
4173700001077277624,JCB 16 digit,09/30,696,1
213165113130854,American Express,02/25,864,1
4706643117045,Discover,04/32,346,1
346376714572648,Mastercard,04/34,975,1
213182678231647,Discover,10/29,124,1
3520195803253536,VISA 13 digit,08/26,713,1
6504843448379421,Mastercard,07/31,199,1
4535289278922,VISA 16 digit,12/25,430,1
3573404079396359,VISA 19 digit,11/29,225,1
180027536871135,Mastercard,09/26,713,1
4063924521792134217,VISA 16 digit,10/33,677,1
4283723076297008,Mastercard,12/25,863,1
30371441372090,JCB 15 digit,01/31,812,1
30413773672661,VISA 13 digit,09/24,960,1
2231782398283457,VISA 13 digit,02/27,484,1
348438129833466,JCB 16 digit,11/31,267,1
213126901867552,VISA 16 digit,04/32,043,1
4963163433221077,JCB 15 digit,03/34,629,1
4772422496365851872,Maestro,10/29,954,1
3527282586181978,Diners Club / Carte Blanche,06/27,897,1
630407913171,VISA 13 digit,02/29,509,1
213138932263024,VISA 13 digit,02/33,930,1
3545004997341100,Discover,02/32,641,1
4636095767890,VISA 16 digit,05/28,506,1
3549222599223387,VISA 16 digit,05/31,047,1
180078345108243,VISA 16 digit,12/32,726,1
30137397358924,JCB 15 digit,09/32,717,1
2241885119017837,Maestro,06/30,200,1
6514976354753284,JCB 16 digit,05/30,249,1
4825206282531,Diners Club / Carte Blanche,04/34,834,1
3561267038446696,Mastercard,02/33,232,1
213177123286279,VISA 19 digit,10/32,698,1
676230098698,JCB 16 digit,02/29,728,1
6502846483019317,JCB 16 digit,02/29,545,1
4606119046878615,American Express,04/29,722,1
4465617679584962,Discover,07/25,189,1
213173126647138,Mastercard,09/24,301,1
377548132592752,Mastercard,04/29,0585,1
4581178647618647,JCB 16 digit,12/28,865,1
213116970836521,JCB 16 digit,06/29,634,1
3562533639738701,Maestro,10/27,066,1
676153515629,JCB 16 digit,01/25,432,1
3593132221155805,Maestro,05/26,341,1
4960618822925087423,Maestro,07/32,920,1
4988861928249435936,Mastercard,06/33,504,1
4628110325317,Diners Club / Carte Blanche,12/31,736,1
38178542956214,JCB 16 digit,11/27,248,1
4891365666401063,American Express,01/28,301,1
4247853049442061,JCB 16 digit,01/30,1197,1
372259959991920,JCB 16 digit,12/24,112,1
4748499314357735,VISA 16 digit,06/30,795,1
340858467244125,JCB 15 digit,08/30,747,1
4759541882432375933,JCB 16 digit,12/28,6670,1
180081508827245,Diners Club / Carte Blanche,12/28,149,1
4814595319319379,Discover,12/27,915,1
4487105387863156899,Mastercard,04/33,578,1
4621307066977021484,Maestro,11/24,857,1
3554147311414653,Diners Club / Carte Blanche,07/28,364,1
4988840321232248,JCB 16 digit,06/25,006,1
30099472553748,American Express,09/33,561,1
180071932561452,Diners Club / Carte Blanche,10/26,962,1
4186017067356483696,Maestro,05/25,886,1
3574843875523865,JCB 16 digit,04/31,8986,1
587790818286,American Express,10/31,319,1
373003227125302,JCB 15 digit,07/34,274,1
6594309345692648,VISA 16 digit,03/31,347,1
3514753437510016,VISA 13 digit,05/31,815,1
567645894716,Mastercard,03/32,573,1
6011987510064225,VISA 13 digit,05/25,503,1
180047497626369,VISA 13 digit,09/24,043,1
213166804758201,Mastercard,12/27,492,1
4431557457671,VISA 16 digit,06/25,850,1
572665582548,Maestro,05/34,579,1
4207112123762706,JCB 16 digit,04/33,711,1
4147332625477496259,American Express,08/33,899,1
6011302517770628,VISA 16 digit,03/34,677,1
4310705600975512280,Discover,04/28,279,1
213198885018460,JCB 16 digit,03/27,011,1
4793877619252186,VISA 16 digit,10/28,278,1
6011034996398841,JCB 15 digit,05/29,338,1
370734259912430,American Express,12/26,836,1
180027816933480,Maestro,08/24,096,1
348402327756309,JCB 15 digit,02/32,605,1
3524801508492644,Mastercard,03/26,856,1
345174447648913,American Express,01/32,060,1
343174553019570,JCB 16 digit,06/31,222,1
3590955802655832,JCB 15 digit,02/33,122,1
3573648064481812,Mastercard,12/29,680,1
6011171021065282,JCB 16 digit,12/26,995,1
3554745042898514,Diners Club / Carte Blanche,02/26,923,1
4150302582327375,JCB 16 digit,09/25,433,1
4377084131163538,VISA 19 digit,04/34,968,1
213119190844291,VISA 16 digit,01/34,988,1
180048815935540,VISA 16 digit,01/34,593,1
2480644380397554,Mastercard,01/28,344,1
30134911728203,Discover,09/31,704,1
2261412152532450,VISA 19 digit,02/30,379,1
4152161474467220,JCB 16 digit,09/28,685,1
180085267227497,VISA 16 digit,07/29,374,1
4433370515842,VISA 13 digit,03/26,648,1
3516000864456034,VISA 19 digit,08/29,275,1
4860754841899001,Maestro,03/25,298,1
30461282360286,VISA 16 digit,02/34,698,1
180064355372283,JCB 16 digit,12/32,401,1
3591699870922026,VISA 13 digit,02/30,777,1
343849302014986,JCB 16 digit,12/31,838,1
30582254711808,Maestro,09/30,181,1
2706076259299363,VISA 19 digit,10/25,591,1
2709896155351993,VISA 19 digit,01/27,347,1
213102507670518,JCB 16 digit,10/26,519,1
2260269122195300,Mastercard,06/33,694,1
4880316700609,Mastercard,11/28,452,1
4798478448040226,Discover,05/29,474,1
3593154722473834,VISA 16 digit,05/29,291,1
4607918045019017,Mastercard,10/28,199,1
3566731467210209,JCB 16 digit,01/28,134,1
378236086995200,VISA 13 digit,12/26,984,1
3555075309072952,VISA 19 digit,01/28,742,1
4768306066760,VISA 19 digit,09/27,826,1
180055009245891,VISA 19 digit,02/26,829,1
502094620247,JCB 15 digit,04/29,515,1
4032975980385468171,Discover,11/31,810,1
4695935836895432,JCB 15 digit,09/24,880,1
4388040929477040,JCB 16 digit,08/30,015,1
3549619203548895,Diners Club / Carte Blanche,09/27,738,1
676283852504,VISA 16 digit,03/34,180,1
3556397392158897,VISA 16 digit,05/30,026,1
373628192139993,JCB 15 digit,02/26,635,1
6572351562827149,Discover,04/33,9254,1
4174313219460259,VISA 13 digit,07/30,568,1
5115201234310543,Mastercard,12/27,0914,1
30304423953587,JCB 15 digit,02/34,914,1
3555393638476756,VISA 16 digit,08/30,862,1
180034346482079,VISA 16 digit,01/30,393,1
4161452200552370,VISA 16 digit,04/27,461,1
2706958901279440,Mastercard,09/24,349,1
2236639490976971,VISA 16 digit,02/34,257,1
3583768183552679,Diners Club / Carte Blanche,05/32,031,1
501893504768,JCB 16 digit,10/30,926,1
630453218491,Diners Club / Carte Blanche,08/33,019,1
4694155686583530,JCB 16 digit,08/26,280,1
4070491826768754,JCB 16 digit,06/31,9416,1
4851507414186037,Maestro,02/27,309,1
4198725902575386,VISA 19 digit,03/26,084,1
4383086616801831,Maestro,11/32,468,1
3577097551091120,American Express,09/25,274,1
4644671741791316316,VISA 19 digit,03/30,641,1
675938562195,Discover,02/33,605,1
6505140271569957,JCB 15 digit,12/33,712,1
213144114558785,Maestro,04/27,992,1
4089122718652,Mastercard,05/29,624,1
583830692252,Discover,12/27,396,1
180068342975744,JCB 16 digit,10/32,223,1
4414700658348070,JCB 16 digit,03/29,705,1
4186823758005394,JCB 16 digit,11/32,267,1
676303781774,JCB 15 digit,12/30,076,1
6011584771136584,VISA 13 digit,04/26,391,1
6524984558740188,JCB 15 digit,06/33,794,1
4794602294513358,JCB 16 digit,09/32,410,1
503847453506,Diners Club / Carte Blanche,04/31,399,1
4054705620402215,JCB 16 digit,04/31,949,1
4454887588782154,Diners Club / Carte Blanche,05/29,549,1
3568133511619618,Discover,08/29,430,1
4549768105712,Mastercard,06/31,721,1
4999988765933868963,Discover,07/30,994,1
180003712188347,VISA 19 digit,08/30,269,1
180069699056807,JCB 15 digit,03/34,772,1
30318175793413,Mastercard,07/25,4896,1
373431822167108,Maestro,02/32,146,1
4061253404213178,Mastercard,01/33,326,1
639033352605,JCB 15 digit,06/29,701,1
30469095243268,Diners Club / Carte Blanche,01/31,175,1
4591124406966032660,Diners Club / Carte Blanche,10/24,287,1
3588721919530100,JCB 16 digit,08/33,224,1
3502128606877559,VISA 19 digit,12/28,781,1
4642406419496398,JCB 16 digit,04/28,770,1
4844409746634414,VISA 16 digit,07/27,333,1
6595791914647674,JCB 15 digit,09/27,640,1
4407501801435007,VISA 16 digit,03/26,837,1
4057804984175529592,VISA 19 digit,12/27,000,1
4632202283090593082,JCB 16 digit,10/24,758,1
3561140672407060,Mastercard,05/25,872,1
213174092373741,Discover,06/31,772,1
3584617451144207,VISA 16 digit,08/28,581,1
2293875511630094,VISA 16 digit,10/33,3612,1
3500761928588009,Discover,12/26,170,1
213175173978712,VISA 19 digit,11/25,113,1
3552356580120758,Maestro,01/25,467,1
4151956554339836956,VISA 16 digit,01/27,791,1
4874714091144406840,VISA 16 digit,03/25,422,1
344033800244796,VISA 16 digit,10/33,360,1
4309716356710823,JCB 16 digit,12/25,345,1
4679583882937953,VISA 16 digit,01/26,422,1
502026527908,JCB 15 digit,10/32,3433,1
4617769563367919755,Maestro,04/29,522,1
2700855113410316,JCB 15 digit,06/27,709,1
6576745820191972,VISA 16 digit,01/26,773,1
3520101833900997,VISA 19 digit,08/31,538,1
4957797384975120090,VISA 13 digit,07/33,954,1
5223085628648629,VISA 16 digit,01/27,8053,1
375568837308561,VISA 16 digit,07/33,831,1
3577064507544164,American Express,10/30,017,1
4010382696800,Diners Club / Carte Blanche,09/31,132,1
3509018106215306,Discover,08/25,788,1
3533370197058784,JCB 15 digit,04/28,158,1
5266264806869251,American Express,10/24,498,1
180046750376134,JCB 16 digit,12/27,5699,1
2711910880981382,JCB 15 digit,11/27,752,1
3514636260661446,VISA 16 digit,08/27,422,1
